BLOCK_COUNT,PIG_COUNT
9
,
864,639,41,41,0.5,0.5,0.100000001,0,50,0
863,556,41,41,0.5,0.5,0.100000001,0,50,0
863,471,41,41,0.5,0.5,0.100000001,0,50,0
863,399,30,29.5,0.5,0.5,0.100000001,0,50,0
1219,636,41,41,0.5,0.5,0.100000001,0,50,0
1397,636,41,41,0.5,0.5,0.100000001,0,50,0
1308,585,102.5,10,0.5,0.5,0.100000001,0,50,0
1308,535,41,41,0.5,0.5,0.100000001,0,50,0
1307,464,30,29.5,0.5,0.5,0.100000001,0,50,0
